id,room_name,img_url,img_description,tag
1,1,https://hrr43teamhan.s3-us-west-1.amazonaws.com/36.jpg,Illum id id iste in dignissimos nobis saepe.,Room/Suite
2,1,https://hrr43teamhan.s3-us-west-1.amazonaws.com/36.jpg,Expedita molestiae eum sequi et repudiandae minima molestias assumenda.,Room/Suite
3,1,https://hrr43teamhan.s3-us-west-1.amazonaws.com/30.jpg,Ad est est aut ut.,Favorites
4,1,https://hrr43teamhan.s3-us-west-1.amazonaws.com/15.jpg,Voluptatem officiis molestias ut consectetur sequi.,Room/Suite
5,1,https://hrr43teamhan.s3-us-west-1.amazonaws.com/21.jpg,Eos ullam ab impedit.,Room/Suite
6,1,https://hrr43teamhan.s3-us-west-1.amazonaws.com/23.jpg,Quaerat quo in eos debitis laborum inventore ut quos.,Dining
7,1,https://hrr43teamhan.s3-us-west-1.amazonaws.com/37.jpg,Libero accusamus quis labore fugit est ipsam.,Room/Suite
8,1,https://hrr43teamhan.s3-us-west-1.amazonaws.com/28.jpg,Impedit veritatis occaecati omnis consequatur aut ut exercitationem.,Favorites
9,1,https://hrr43teamhan.s3-us-west-1.amazonaws.com/10.jpg,Dignissimos ea ipsum est eos nihil aut provident tempore dolores.,Room/Suite
10,1,https://hrr43teamhan.s3-us-west-1.amazonaws.com/27.jpg,Qui molestias mollitia nobis ea magni autem provident tempore.,Favorites
